time,original_time,x,y,Rwp,Vol,alpha,realVol,T,seq_num
1634408696.9067094,1634339743.9501219,55.62,64.0,2.6612506732,262.3890513672,1.0,262.3890513672,293.0,1